CREATE DATABASE IF NOT EXISTS food;
USE food;

-- Customers Table
CREATE TABLE Customers (
    CustomerID INT PRIMARY KEY,
    Name VARCHAR(100),
    Email VARCHAR(100),
    Phone VARCHAR(15),
    Address VARCHAR(255),
    RegistrationDate DATE
);

-- Restaurants Table
CREATE TABLE Restaurants (
    RestaurantID INT PRIMARY KEY,
    Name VARCHAR(100),
    Address VARCHAR(255),
    Phone VARCHAR(15),
    Rating DECIMAL(2, 1)
);

-- MenuItems Table
CREATE TABLE MenuItems (
    MenuItemID INT PRIMARY KEY,
    RestaurantID INT,
    Name VARCHAR(100),
    Price DECIMAL(5, 2),
    Category VARCHAR(50),
    FOREIGN KEY (RestaurantID) REFERENCES Restaurants(RestaurantID)
);

-- Orders Table
CREATE TABLE Orders (
    OrderID INT PRIMARY KEY,
    CustomerID INT,
    RestaurantID INT,
    OrderDate DATE,
    TotalAmount DECIMAL(7, 2),
    FOREIGN KEY (CustomerID) REFERENCES Customers(CustomerID),
    FOREIGN KEY (RestaurantID) REFERENCES Restaurants(RestaurantID)
);

-- OrderDetails Table
CREATE TABLE OrderDetails (
    OrderDetailID INT PRIMARY KEY,
    OrderID INT,
    MenuItemID INT,
    Quantity INT,
    Price DECIMAL(5, 2),
    FOREIGN KEY (OrderID) REFERENCES Orders(OrderID),
    FOREIGN KEY (MenuItemID) REFERENCES MenuItems(MenuItemID)
);


INSERT INTO Customers (CustomerID, Name, Email, Phone, Address, RegistrationDate) VALUES
(1, 'John Doe', 'john.doe@example.com', '1234567890', '123 Elm St', '2023-01-01'),
(2, 'Jane Smith', 'jane.smith@example.com', '2345678901', '456 Oak St', '2023-02-01'),
(3, 'Sam Brown', 'sam.brown@example.com', '3456789012', '789 Pine St', '2023-03-01'),
(4, 'Emily Davis', 'emily.davis@example.com', '4567890123', '101 Maple St', '2023-04-01'),
(5, 'Michael Wilson', 'michael.wilson@example.com', '5678901234', '102 Birch St', '2023-05-01'),
(6, 'Sarah Johnson', 'sarah.johnson@example.com', '6789012345', '103 Cedar St', '2023-06-01'),
(7, 'David Lee', 'david.lee@example.com', '7890123456', '104 Willow St', '2023-07-01'),
(8, 'Anna Martinez', 'anna.martinez@example.com', '8901234567', '105 Ash St', '2023-08-01'),
(9, 'Chris Evans', 'chris.evans@example.com', '9012345678', '106 Elm St', '2023-09-01'),
(10, 'Natalie White', 'natalie.white@example.com', '0123456789', '107 Oak St', '2023-10-01'),
(11, 'Tom Harris', 'tom.harris@example.com', '1112223333', '108 Maple St', '2023-01-02'),
(12, 'Jessica Brown', 'jessica.brown@example.com', '2223334444', '109 Birch St', '2023-02-02'),
(13, 'Kyle Davis', 'kyle.davis@example.com', '3334445555', '110 Cedar St', '2023-03-02'),
(14, 'Rachel Adams', 'rachel.adams@example.com', '4445556666', '111 Willow St', '2023-04-02'),
(15, 'Brian Lee', 'brian.lee@example.com', '5556667777', '112 Ash St', '2023-05-02'),
(16, 'Laura Scott', 'laura.scott@example.com', '6667778888', '113 Elm St', '2023-06-02'),
(17, 'James King', 'james.king@example.com', '7778889999', '114 Oak St', '2023-07-02'),
(18, 'Megan Ward', 'megan.ward@example.com', '8889990000', '115 Maple St', '2023-08-02'),
(19, 'Ethan Wood', 'ethan.wood@example.com', '9990001111', '116 Birch St', '2023-09-02'),
(20, 'Grace Baker', 'grace.baker@example.com', '0001112222', '117 Cedar St', '2023-10-02'),
(21, 'Liam Wright', 'liam.wright@example.com', '1112223334', '118 Willow St', '2023-01-03'),
(22, 'Sophia Hill', 'sophia.hill@example.com', '2223334445', '119 Ash St', '2023-02-03'),
(23, 'Mason Lewis', 'mason.lewis@example.com', '3334445556', '120 Elm St', '2023-03-03'),
(24, 'Chloe Young', 'chloe.young@example.com', '4445556667', '121 Oak St', '2023-04-03'),
(25, 'Benjamin Hall', 'benjamin.hall@example.com', '5556667778', '122 Maple St', '2023-05-03'),
(26, 'Amelia Allen', 'amelia.allen@example.com', '6667778889', '123 Birch St', '2023-06-03'),
(27, 'Alexander Sanchez', 'alexander.sanchez@example.com', '7778889990', '124 Cedar St', '2023-07-03'),
(28, 'Lily Nelson', 'lily.nelson@example.com', '8889990001', '125 Willow St', '2023-08-03'),
(29, 'Daniel Carter', 'daniel.carter@example.com', '9990001112', '126 Ash St', '2023-09-03'),
(30, 'Emma Mitchell', 'emma.mitchell@example.com', '0001112223', '127 Elm St', '2023-10-03'),
(31, 'Matthew Perez', 'matthew.perez@example.com', '1112223335', '128 Oak St', '2023-01-04'),
(32, 'Olivia Roberts', 'olivia.roberts@example.com', '2223334446', '129 Maple St', '2023-02-04'),
(33, 'Noah Turner', 'noah.turner@example.com', '3334445557', '130 Birch St', '2023-03-04'),
(34, 'Ava Campbell', 'ava.campbell@example.com', '4445556668', '131 Cedar St', '2023-04-04'),
(35, 'Lucas Edwards', 'lucas.edwards@example.com', '5556667779', '132 Willow St', '2023-05-04'),
(36, 'Mia Collins', 'mia.collins@example.com', '6667778890', '133 Ash St', '2023-06-04'),
(37, 'Elijah Stewart', 'elijah.stewart@example.com', '7778889991', '134 Elm St', '2023-07-04'),
(38, 'Ella Sanchez', 'ella.sanchez@example.com', '8889990002', '135 Oak St', '2023-08-04'),
(39, 'William Morris', 'william.morris@example.com', '9990001113', '136 Maple St', '2023-09-04'),
(40, 'Zoe Cook', 'zoe.cook@example.com', '0001112224', '137 Birch St', '2023-10-04'),
(41, 'Jack Rogers', 'jack.rogers@example.com', '1112223336', '138 Cedar St', '2023-01-05'),
(42, 'Luna Bell', 'luna.bell@example.com', '2223334447', '139 Willow St', '2023-02-05'),
(43, 'Henry Brooks', 'henry.brooks@example.com', '3334445558', '140 Ash St', '2023-03-05'),
(44, 'Harper Reed', 'harper.reed@example.com', '4445556669', '141 Elm St', '2023-04-05'),
(45, 'Sebastian James', 'sebastian.james@example.com', '5556667780', '142 Oak St', '2023-05-05'),
(46, 'Ella Murphy', 'ella.murphy@example.com', '6667778891', '143 Maple St', '2023-06-05'),
(47, 'Jacob Bailey', 'jacob.bailey@example.com', '7778889992', '144 Birch St', '2023-07-05'),
(48, 'Scarlett Foster', 'scarlett.foster@example.com', '8889990003', '145 Cedar St', '2023-08-05'),
(49, 'Ethan Jenkins', 'ethan.jenkins@example.com', '9990001114', '146 Willow St', '2023-09-05'),
(50, 'Zara White', 'zara.white@example.com', '0001112225', '147 Ash St', '2023-10-05');


INSERT INTO Restaurants (RestaurantID, Name, Address, Phone, Rating) VALUES
(1, 'Pizza Palace', '200 Elm St', '1234567890', 4.5),
(2, 'Burger Barn', '201 Oak St', '2345678901', 4.0),
(3, 'Taco Town', '202 Pine St', '3456789012', 4.2),
(4, 'Sushi Spot', '203 Maple St', '4567890123', 4.8),
(5, 'Pasta Place', '204 Birch St', '5678901234', 4.1),
(6, 'Salad Shop', '205 Cedar St', '6789012345', 3.9),
(7, 'BBQ Joint', '206 Willow St', '7890123456', 4.6),
(8, 'Dessert Diner', '207 Ash St', '8901234567', 4.3),
(9, 'Steak House', '208 Elm St', '9012345678', 4.7),
(10, 'Seafood Shack', '209 Oak St', '0123456789', 4.4),
(11, 'Noodle Nook', '210 Maple St', '1112223333', 4.9),
(12, 'Hot Dog Haven', '211 Birch St', '2223334444', 3.8),
(13, 'Sandwich Stop', '212 Cedar St', '3334445555', 4.2),
(14, 'Breakfast Bistro', '213 Willow St', '4445556666', 4.0),
(15, 'Mexican Fiesta', '214 Ash St', '5556667777', 4.1),
(16, 'Indian Delight', '215 Elm St', '6667778888', 4.5),
(17, 'Chinese Garden', '216 Oak St', '7778889999', 4.3),
(18, 'French Cafe', '217 Maple St', '8889990000', 4.7),
(19, 'Italian Corner', '218 Birch St', '9990001111', 4.8),
(20, 'Greek Taverna', '219 Cedar St', '0001112222', 4.6),
(21, 'Thai Terrace', '220 Willow St', '1112223334', 4.5),
(22, 'Vietnamese Cuisine', '221 Ash St', '2223334445', 4.4),
(23, 'Spanish Tapas', '222 Elm St', '3334445556', 4.3),
(24, 'Lebanese Eatery', '223 Oak St', '4445556667', 4.2),
(25, 'Turkish Grill', '224 Maple St', '5556667778', 4.6),
(26, 'Moroccan Palace', '225 Birch St', '6667778889', 4.1),
(27, 'Korean BBQ', '226 Cedar St', '7778889990', 4.9),
(28, 'Japanese Sushi', '227 Willow St', '8889990001', 4.8),
(29, 'German Bratwurst', '228 Ash St', '9990001112', 4.0),
(30, 'British Pub', '229 Elm St', '0001112223', 4.3),
(31, 'Russian Borscht', '230 Oak St', '1112223335', 4.1),
(32, 'Brazilian Steakhouse', '231 Maple St', '2223334446', 4.6),
(33, 'Peruvian Ceviche', '232 Birch St', '3334445557', 4.2),
(34, 'Argentinian Grill', '233 Cedar St', '4445556668', 4.5),
(35, 'Cuban Cafe', '234 Willow St', '5556667779', 4.3),
(36, 'Jamaican Jerk', '235 Ash St', '6667778890', 4.7),
(37, 'Ethiopian Feast', '236 Elm St', '7778889991', 4.4),
(38, 'Egyptian Delight', '237 Oak St', '8889990002', 4.5),
(39, 'South African Braai', '238 Maple St', '9990001113', 4.6),
(40, 'Australian Grill', '239 Birch St', '0001112224', 4.7),
(41, 'New Zealand Bites', '240 Cedar St', '1112223336', 4.3),
(42, 'Canadian Poutine', '241 Willow St', '2223334447', 4.2),
(43, 'American Diner', '242 Ash St', '3334445558', 4.0),
(44, 'Hawaiian BBQ', '243 Elm St', '4445556669', 4.4),
(45, 'Filipino Feast', '244 Oak St', '5556667780', 4.6),
(46, 'Indonesian Cuisine', '245 Maple St', '6667778891', 4.3),
(47, 'Malaysian Delights', '246 Birch St', '7778889992', 4.5),
(48, 'Singaporean Spice', '247 Cedar St', '8889990003', 4.7),
(49, 'Pakistani Grill', '248 Willow St', '9990001114', 4.4),
(50, 'Bangladeshi Bites', '249 Ash St', '0001112225', 4.6);

INSERT INTO MenuItems (MenuItemID, RestaurantID, Name, Price, Category) VALUES
(1, 1, 'Margherita Pizza', 10.99, 'Pizza'),
(2, 1, 'Pepperoni Pizza', 12.99, 'Pizza'),
(3, 2, 'Cheeseburger', 8.99, 'Burger'),
(4, 2, 'Veggie Burger', 7.99, 'Burger'),
(5, 3, 'Chicken Taco', 3.99, 'Taco'),
(6, 3, 'Beef Taco', 4.49, 'Taco'),
(7, 4, 'California Roll', 7.99, 'Sushi'),
(8, 4, 'Spicy Tuna Roll', 8.99, 'Sushi'),
(9, 5, 'Spaghetti Bolognese', 11.99, 'Pasta'),
(10, 5, 'Fettuccine Alfredo', 12.49, 'Pasta'),
(11, 6, 'Caesar Salad', 6.99, 'Salad'),
(12, 6, 'Greek Salad', 7.49, 'Salad'),
(13, 7, 'BBQ Ribs', 14.99, 'BBQ'),
(14, 7, 'Pulled Pork Sandwich', 9.99, 'BBQ'),
(15, 8, 'Chocolate Cake', 5.99, 'Dessert'),
(16, 8, 'Ice Cream Sundae', 4.99, 'Dessert'),
(17, 9, 'Ribeye Steak', 19.99, 'Steak'),
(18, 9, 'Filet Mignon', 24.99, 'Steak'),
(19, 10, 'Grilled Salmon', 17.99, 'Seafood'),
(20, 10, 'Lobster Tail', 29.99, 'Seafood'),
(21, 11, 'Beef Pho', 12.99, 'Noodles'),
(22, 11, 'Chicken Pho', 11.99, 'Noodles'),
(23, 12, 'Classic Hot Dog', 4.99, 'Hot Dog'),
(24, 12, 'Chili Dog', 5.99, 'Hot Dog'),
(25, 13, 'Turkey Sandwich', 6.99, 'Sandwich'),
(26, 13, 'Ham Sandwich', 6.49, 'Sandwich'),
(27, 14, 'Pancakes', 7.99, 'Breakfast'),
(28, 14, 'French Toast', 8.49, 'Breakfast'),
(29, 15, 'Chicken Enchiladas', 11.49, 'Mexican'),
(30, 15, 'Beef Tacos', 9.99, 'Mexican'),
(31, 16, 'Butter Chicken', 13.99, 'Indian'),
(32, 16, 'Lamb Vindaloo', 14.99, 'Indian'),
(33, 17, 'Kung Pao Chicken', 10.99, 'Chinese'),
(34, 17, 'Sweet and Sour Pork', 11.49, 'Chinese'),
(35, 18, 'Croissant', 2.99, 'French'),
(36, 18, 'Quiche Lorraine', 5.99, 'French'),
(37, 19, 'Lasagna', 12.99, 'Italian'),
(38, 19, 'Risotto', 13.49, 'Italian'),
(39, 20, 'Gyro', 9.99, 'Greek'),
(40, 20, 'Moussaka', 10.99, 'Greek'),
(41, 21, 'Pad Thai', 12.49, 'Thai'),
(42, 21, 'Green Curry', 11.99, 'Thai'),
(43, 22, 'Banh Mi', 6.99, 'Vietnamese'),
(44, 22, 'Spring Rolls', 5.99, 'Vietnamese'),
(45, 23, 'Paella', 16.99, 'Spanish'),
(46, 23, 'Tapas Sampler', 14.99, 'Spanish'),
(47, 24, 'Shawarma', 8.99, 'Lebanese'),
(48, 24, 'Hummus Plate', 6.49, 'Lebanese'),
(49, 25, 'Doner Kebab', 9.49, 'Turkish'),
(50, 25, 'Baklava', 4.99, 'Turkish');

INSERT INTO Orders (OrderID, CustomerID, RestaurantID, OrderDate, TotalAmount) VALUES
(1, 1, 1, '2023-01-01', 21.98),
(2, 2, 2, '2023-01-02', 16.98),
(3, 3, 3, '2023-01-03', 8.98),
(4, 4, 4, '2023-01-04', 16.98),
(5, 5, 5, '2023-01-05', 24.48),
(6, 6, 6, '2023-01-06', 14.48),
(7, 7, 7, '2023-01-07', 24.98),
(8, 8, 8, '2023-01-08', 10.98),
(9, 9, 9, '2023-01-09', 44.98),
(10, 10, 10, '2023-01-10', 47.98),
(11, 11, 11, '2023-01-11', 24.98),
(12, 12, 12, '2023-01-12', 9.98),
(13, 13, 13, '2023-01-13', 13.48),
(14, 14, 14, '2023-01-14', 16.48),
(15, 15, 15, '2023-01-15', 21.48),
(16, 16, 16, '2023-01-16', 28.98),
(17, 17, 17, '2023-01-17', 21.98),
(18, 18, 18, '2023-01-18', 23.98),
(19, 19, 19, '2023-01-19', 25.98),
(20, 20, 20, '2023-01-20', 19.98),
(21, 21, 21, '2023-01-21', 24.48),
(22, 22, 22, '2023-01-22', 12.98),
(23, 23, 23, '2023-01-23', 22.98),
(24, 24, 24, '2023-01-24', 15.48),
(25, 25, 25, '2023-01-25', 13.48),
(26, 26, 26, '2023-01-26', 22.98),
(27, 27, 27, '2023-01-27', 14.98),
(28, 28, 28, '2023-01-28', 18.48),
(29, 29, 29, '2023-01-29', 11.98),
(30, 30, 30, '2023-01-30', 20.98),
(31, 31, 31, '2023-01-31', 17.98),
(32, 32, 32, '2023-02-01', 27.98),
(33, 33, 33, '2023-02-02', 23.98),
(34, 34, 34, '2023-02-03', 20.98),
(35, 35, 35, '2023-02-04', 21.48),
(36, 36, 36, '2023-02-05', 18.98),
(37, 37, 37, '2023-02-06', 17.98),
(38, 38, 38, '2023-02-07', 25.48),
(39, 39, 39, '2023-02-08', 13.98),
(40, 40, 40, '2023-02-09', 21.98),
(41, 41, 41, '2023-02-10', 12.98),
(42, 42, 42, '2023-02-11', 21.98),
(43, 43, 43, '2023-02-12', 23.48),
(44, 44, 44, '2023-02-13', 21.98),
(45, 45, 45, '2023-02-14', 19.48),
(46, 46, 46, '2023-02-15', 19.48),
(47, 47, 47, '2023-02-16', 24.98),
(48, 48, 48, '2023-02-17', 17.98),
(49, 49, 49, '2023-02-18', 24.48),
(50, 50, 50, '2023-02-19', 24.98);


INSERT INTO OrderDetails (OrderDetailID, OrderID, MenuItemID, Quantity, Price) VALUES
(1, 1, 1, 2, 10.99),
(2, 2, 3, 2, 8.99),
(3, 3, 5, 1, 3.99),
(4, 3, 6, 1, 4.99),
(5, 4, 7, 2, 7.99),
(6, 5, 9, 1, 11.99),
(7, 5, 10, 1, 12.49),
(8, 6, 11, 2, 6.99),
(9, 7, 13, 1, 14.99),
(10, 7, 14, 1, 9.99),
(11, 8, 15, 1, 5.99),
(12, 8, 16, 1, 4.99),
(13, 9, 17, 2, 19.99),
(14, 10, 19, 2, 17.99),
(15, 10, 20, 1, 29.99),
(16, 11, 21, 2, 12.99),
(17, 12, 23, 2, 4.99),
(18, 13, 25, 1, 6.99),
(19, 13, 26, 1, 6.49),
(20, 14, 27, 1, 7.99),
(21, 14, 28, 1, 8.49),
(22, 15, 29, 2, 11.49),
(23, 16, 31, 2, 13.99),
(24, 17, 33, 2, 10.99),
(25, 18, 35, 2, 2.99),
(26, 19, 37, 1, 12.99),
(27, 19, 38, 1, 13.49),
(28, 20, 39, 2, 9.99),
(29, 21, 41, 2, 12.49),
(30, 22, 43, 2, 6.99),
(31, 23, 45, 2, 8.99),
(32, 24, 47, 2, 9.49),
(33, 25, 49, 2, 9.99),
(34, 26, 2, 2, 12.99),
(35, 27, 4, 2, 7.99),
(36, 28, 8, 2, 8.99),
(37, 29, 12, 2, 7.49),
(38, 30, 16, 2, 4.99),
(39, 31, 18, 2, 24.99),
(40, 32, 22, 2, 11.99),
(41, 33, 24, 2, 5.99),
(42, 34, 30, 2, 9.99),
(43, 35, 32, 2, 14.99),
(44, 36, 34, 2, 11.49),
(45, 37, 36, 2, 5.99),
(46, 38, 40, 2, 10.99),
(47, 39, 42, 2, 11.99),
(48, 40, 44, 2, 5.99),
(49, 41, 46, 2, 9.99),
(50, 42, 48, 2, 9.49);
